Product,Brand,Model,URL
skin cleansing brush,Foreo,LUNA 3,https://www.foreo.com/luna-3
skin cleansing brush,Olay,Regenerist Face Cleansing Device,https://www.olay.com/en-us/skin-care-products/olay-regenerist-face-cleansing-device
skin cleansing brush,Olay,ProX Advanced Cleansing System,https://www.olay.com/en-us/skin-care-products/prox-advanced-cleansing-system
skin cleansing brush,Mary Kay,Skinvigorate Sonic,https://www.marykay.com/en-us/products/skincare/skinvigorate-sonic-skin-care-system-302023
skin cleansing brush,Shiseido,Cleansing Massage Brush,https://www.shiseido.com/us/en/cleansing-massage-brush-0729238143432.html
skin cleansing brush,Braun,braun facespa pro facial epilator,https://uk.braun.com/en-gb/skin-care/facespa-pro/braun-facespa-851v-facial-epilator-cleansing-brush-skin-vitalizing-system
skin cleansing brush,Braun,Face Mini Hair Remover FS1000,https://uk.braun.com/en-gb/female-hair-removal/stylers-shavers-for-women/face-mini-hair-remover/mini-hair-remover-fs1000
skin cleansing brush,Proactiv,Charcoal Pore Cleansing Brush,https://www.proactiv.com/charcoal-bristle-pore-cleansing-brush/p/842944102064
skin cleansing brush,Vanity Planet,Aira Ionic Facial Steamer,https://www.vanityplanet.com/products/aira-ionic-facial-steamer
skin cleansing brush,Michael Todd Beauty,Soniclear Elite,https://michaeltoddbeauty.com/products/soniclear-elite
skin cleansing brush,Michael Todd Beauty,sonicskim,https://michaeltoddbeauty.com/products/sonicskim
skin cleansing brush,Conair,True Glow Sonic Facial Brush,https://www.conair.com/en/sonic-facial-brush-%2B-uv%2Fled-brush-sterilizer/SFB6CSTR.html?lang=en_US
skin cleansing brush,Conair,True Glow Silicone Facial Brush,https://www.conair.com/en/skinpod-silicone-cleansing-facial-brush%2C-sf1pnk/SF1PNK.html?lang=en_US
skin cleansing brush,EZBASICS,EZBASICS Facial Cleansing Brush,https://ezbasics.com/products/sonic-vibrating-facial-cleansing-brush
skin cleansing brush,Beurer,"electric facial cleansing brush, fc45",https://www.beurer.com/uk/c/beauty/face-care/facial-cleansing-brush/
skin cleansing brush,Beurer,Beurer FC95 Facial Cleansing Brush,https://beurer.com.cn/en/product/facial-brush-fc-95-pureo-deep-cleansing/